generation,n_valid,n_invalid,gen_time_sec,p000_min,p000_max,p000_mean,p000_std,p000_median,p000_mad,p001_min,p001_max,p001_mean,p001_std,p001_median,p001_mad,p010_min,p010_max,p010_mean,p010_std,p010_median,p010_mad,p011_min,p011_max,p011_mean,p011_std,p011_median,p011_mad,p100_min,p100_max,p100_mean,p100_std,p100_median,p100_mad,p101_min,p101_max,p101_mean,p101_std,p101_median,p101_mad,p110_min,p110_max,p110_mean,p110_std,p110_median,p110_mad,p111_min,p111_max,p111_mean,p111_std,p111_median,p111_mad,unique_behaviors,behavior_diversity,scalar_fitness_min,scalar_fitness_mean
0,267,33,767.05,0.0031,0.529,0.080393,0.094396,0.0474,0.0384,0.0008,0.6019,0.097582,0.105004,0.0718,0.055,0.0053,0.531,0.151943,0.133906,0.1238,0.0519,0.0029,0.5374,0.118572,0.128628,0.0879,0.0452,0.003,0.5465,0.159027,0.142136,0.1231,0.0532,0.0027,0.5207,0.121805,0.115655,0.1199,0.0548,0.0032,0.5333,0.137352,0.131436,0.1217,0.0727,0.0008,0.5573,0.133326,0.132873,0.1216,0.0826,234,0.8764,1.8505,13.938379
1,286,14,364.72,0.0046,0.5513,0.093287,0.109375,0.066,0.05555,0.0005,0.5627,0.0993,0.09434,0.07535,0.05105,0.0037,0.9441,0.136948,0.131343,0.1201,0.04605,0.0036,0.5516,0.134842,0.132202,0.12165,0.05075,0.0058,0.5868,0.120939,0.108434,0.12035,0.0461,0.0002,0.581,0.134129,0.12237,0.1195,0.0527,0.0044,0.531,0.124855,0.121545,0.1062,0.0399,0.0001,0.5639,0.1557,0.153998,0.12065,0.0621,264,0.9231,1.8505,14.327383
2,294,6,405.06,0.0048,0.556,0.106433,0.105074,0.0703,0.0537,0.0005,0.6049,0.111713,0.109057,0.0877,0.04025,0.0056,0.9441,0.131834,0.139263,0.11905,0.05175,0.0034,0.5374,0.114432,0.102523,0.1032,0.0381,0.0029,0.5488,0.123464,0.098512,0.1192,0.049,0.0002,0.5933,0.132804,0.135044,0.108,0.0426,0.0022,0.5732,0.131716,0.127999,0.1088,0.04755,0.0001,0.589,0.147604,0.138806,0.12045,0.05735,285,0.9694,1.8505,14.012026
3,292,8,409.87,0.0027,0.5338,0.106451,0.10258,0.08385,0.0444,0.0005,0.6069,0.125149,0.120764,0.1148,0.0485,0.0019,0.9441,0.138039,0.136135,0.12165,0.05735,0.0032,0.5416,0.123909,0.114469,0.11885,0.05225,0.0031,0.5442,0.123279,0.110607,0.12065,0.05505,0.0,0.7558,0.122349,0.121664,0.1125,0.0551,0.0027,0.5737,0.123418,0.118032,0.1016,0.04585,0.0,0.596,0.137405,0.122584,0.11885,0.0541,286,0.9795,1.8505,13.931171
4,292,8,405.69,0.0014,0.6697,0.093967,0.096125,0.071,0.05215,0.0,0.6146,0.108164,0.112444,0.07475,0.0509,0.0016,0.945,0.115081,0.143601,0.07665,0.048,0.0,0.6657,0.122248,0.130478,0.09625,0.0597,0.0021,0.9618,0.135141,0.137875,0.11805,0.0612,0.0,0.7615,0.139867,0.14608,0.1189,0.05475,0.001,0.5849,0.137224,0.137035,0.1119,0.0681,0.0,0.5872,0.148307,0.140503,0.1149,0.0504,285,0.976,1.8505,14.062639
5,290,10,397.18,0.0012,0.6764,0.108533,0.131136,0.0671,0.05585,0.0,0.579,0.11001,0.13203,0.0727,0.057,0.0013,0.945,0.14156,0.179256,0.08855,0.0579,0.0,0.9168,0.124994,0.150151,0.0924,0.05695,0.0006,0.9618,0.14848,0.178571,0.1201,0.07705,0.0,0.756,0.132339,0.156543,0.10665,0.0654,0.0015,0.8921,0.110473,0.135036,0.0708,0.0543,0.0,0.6851,0.123611,0.141016,0.07535,0.0526,278,0.9586,1.8505,13.619734
6,280,20,356.35,0.0013,0.9208,0.11403,0.152489,0.07035,0.05675,0.0,0.6721,0.099591,0.124245,0.0665,0.0591,0.0016,0.945,0.124496,0.179461,0.06935,0.0569,0.0,0.9174,0.126877,0.180034,0.086,0.07265,0.002,0.9618,0.167539,0.221351,0.1174,0.0876,0.0,0.9108,0.103129,0.136118,0.06775,0.05905,0.0011,0.9249,0.129153,0.171381,0.08165,0.0583,0.0,0.9172,0.135185,0.178674,0.0866,0.0695,251,0.8964,1.2151,13.286919
7,293,7,374.33,0.0031,0.9208,0.110415,0.16695,0.044,0.038,0.0,0.9169,0.098327,0.144684,0.0343,0.0329,0.0011,0.945,0.142306,0.20785,0.0648,0.0583,0.0,0.9182,0.112074,0.180749,0.0374,0.0343,0.0015,0.9618,0.140415,0.191661,0.0697,0.0575,0.0,0.9129,0.118761,0.184314,0.0427,0.0402,0.0024,0.9249,0.146908,0.220301,0.0684,0.0591,0.0,0.9172,0.130795,0.195566,0.0576,0.0561,264,0.901,1.1971,12.38299
8,284,16,361.97,0.0039,0.9252,0.100409,0.15987,0.02525,0.01925,0.0,0.9169,0.113946,0.187055,0.0298,0.0286,0.0015,0.9423,0.13133,0.186938,0.04565,0.04255,0.0,0.9271,0.121335,0.207954,0.02255,0.0204,0.0012,0.9618,0.113109,0.167756,0.0346,0.02705,0.0,0.9182,0.127264,0.209138,0.0334,0.031,0.0014,0.9237,0.147682,0.24115,0.0472,0.0439,0.0,0.9177,0.144924,0.219873,0.0719,0.0644,254,0.8944,1.1963,11.949149
9,290,10,356.47,0.0047,0.9252,0.114634,0.189673,0.0333,0.0281,0.0,0.9155,0.10094,0.152366,0.0327,0.0305,0.0015,0.9413,0.129948,0.21124,0.03075,0.02585,0.0,0.9327,0.149912,0.235802,0.05945,0.0548,0.0027,0.9618,0.123751,0.184834,0.0428,0.0385,0.0,0.9265,0.125611,0.208997,0.03015,0.02965,0.0029,0.9237,0.109619,0.175739,0.0268,0.0233,0.0,0.9158,0.145583,0.224929,0.05085,0.04935,254,0.8759,1.1963,12.567484
10,297,3,396.13,0.003,0.9243,0.12808,0.201692,0.0448,0.0391,0.0,0.9188,0.103428,0.164937,0.0315,0.0307,0.0015,0.9422,0.144767,0.210996,0.0962,0.0851,0.0,0.9316,0.101111,0.162128,0.028,0.025,0.0025,0.9616,0.16768,0.222967,0.1205,0.1025,0.0,0.9233,0.106012,0.155269,0.0415,0.0397,0.0025,0.9237,0.12466,0.179125,0.0661,0.0586,0.0,0.9158,0.124262,0.200418,0.0378,0.0372,278,0.936,1.1963,12.515138
11,294,6,357.47,0.0042,0.9233,0.108465,0.172371,0.02615,0.02095,0.0,0.9201,0.089723,0.131331,0.02795,0.0254,0.0015,0.9422,0.136572,0.221952,0.03635,0.0321,0.0,0.9316,0.124737,0.219203,0.02015,0.01755,0.0033,0.9616,0.141237,0.207367,0.072,0.05895,0.0,0.9233,0.125815,0.215598,0.0235,0.023,0.0025,0.9237,0.139141,0.221046,0.0428,0.0393,0.0,0.9144,0.134309,0.212395,0.03905,0.03795,261,0.8878,1.1963,12.153852
12,295,5,404.05,0.0023,0.921,0.114283,0.178941,0.0339,0.0287,0.0,0.9226,0.102158,0.158601,0.0326,0.0306,0.0013,0.9417,0.146355,0.207485,0.0638,0.0581,0.0,0.9316,0.121357,0.186511,0.034,0.0312,0.0032,0.9626,0.141612,0.190287,0.0837,0.0733,0.0,0.9233,0.106658,0.173285,0.0234,0.0207,0.001,0.9237,0.114613,0.199751,0.0275,0.0222,0.0,0.9177,0.152964,0.239043,0.0445,0.0434,285,0.9661,1.1963,12.272235
13,297,3,403.24,0.0039,0.9221,0.111862,0.171393,0.031,0.0257,0.0017,0.9226,0.118346,0.17941,0.035,0.0321,0.0028,0.9254,0.118079,0.191362,0.0278,0.0226,0.001,0.9233,0.126593,0.205622,0.0306,0.0265,0.002,0.9238,0.146387,0.227666,0.0436,0.0379,0.0012,0.9213,0.113363,0.183045,0.0306,0.0259,0.0024,0.9237,0.123531,0.20636,0.032,0.0264,0.0002,0.9201,0.141838,0.229164,0.0302,0.0254,278,0.936,1.1963,12.451284
14,300,0,403.03,0.0005,0.9215,0.135313,0.215635,0.0302,0.02555,0.0009,0.9238,0.113623,0.182682,0.032,0.0285,0.0005,0.9254,0.113981,0.196222,0.02275,0.01715,0.0016,0.9309,0.110142,0.192128,0.0217,0.01695,0.0019,0.9265,0.122051,0.195413,0.0294,0.0247,0.0002,0.9247,0.132,0.214799,0.03095,0.02735,0.0003,0.9238,0.128459,0.205766,0.0336,0.0285,0.0002,0.9187,0.144431,0.217164,0.03995,0.03625,274,0.9133,1.1962,12.445274
15,300,0,398.92,0.0024,0.9242,0.115052,0.17142,0.03645,0.032,0.0004,0.9222,0.10475,0.159763,0.03265,0.02985,0.0023,0.9198,0.122019,0.194556,0.0336,0.0285,0.0026,0.9205,0.135348,0.222054,0.0332,0.02945,0.0004,0.9265,0.13832,0.214894,0.04055,0.0363,0.0005,0.9247,0.106632,0.172355,0.0304,0.0268,0.0005,0.9239,0.126133,0.200864,0.04385,0.0389,0.0011,0.9186,0.151745,0.238735,0.0642,0.0585,280,0.9333,1.1962,12.298333
16,300,0,388.77,0.0024,0.924,0.103068,0.177933,0.0248,0.0204,0.001,0.9233,0.127979,0.210155,0.0332,0.03025,0.0032,0.9211,0.137643,0.220477,0.0344,0.0303,0.0011,0.925,0.120897,0.193685,0.03655,0.03175,0.0013,0.9196,0.109126,0.170258,0.0287,0.02385,0.0011,0.9146,0.128637,0.211218,0.03395,0.0312,0.0024,0.9238,0.122736,0.206272,0.03185,0.02695,0.0019,0.9225,0.149913,0.225824,0.07025,0.06235,271,0.9033,1.1962,12.137797
17,300,0,409.55,0.0034,0.9248,0.118842,0.20748,0.01755,0.0125,0.0001,0.9215,0.09704,0.164281,0.0175,0.0148,0.0012,0.9249,0.109768,0.195906,0.02385,0.0173,0.0019,0.9206,0.109227,0.193509,0.01575,0.0123,0.0013,0.9195,0.124265,0.195709,0.0315,0.0239,0.0007,0.9273,0.143412,0.248113,0.0179,0.0144,0.0034,0.9255,0.159927,0.253945,0.0336,0.0285,0.0009,0.9213,0.137518,0.235465,0.0304,0.0266,279,0.93,1.1962,11.92234
18,300,0,404.82,0.0009,0.9258,0.11191,0.196431,0.0163,0.0112,0.0023,0.9248,0.102677,0.179284,0.01515,0.01015,0.0007,0.922,0.109108,0.204715,0.0136,0.0073,0.0019,0.9393,0.129886,0.21887,0.0319,0.02565,0.0029,0.9222,0.112942,0.209788,0.0185,0.01245,0.0003,0.9227,0.107127,0.189371,0.0187,0.01325,0.0005,0.936,0.127721,0.207335,0.03035,0.02435,0.0031,0.9245,0.198629,0.284653,0.0706,0.06345,277,0.9233,1.1962,12.346279
19,300,0,391.33,0.0024,0.9262,0.113721,0.193534,0.019,0.0142,0.0001,0.9279,0.111721,0.179575,0.0308,0.02675,0.0022,0.9221,0.132389,0.234261,0.0241,0.01845,0.0002,0.9258,0.124372,0.217641,0.03065,0.02565,0.002,0.9237,0.12275,0.213352,0.0256,0.01995,0.0008,0.9227,0.12425,0.215745,0.028,0.0228,0.0024,0.9259,0.117075,0.20416,0.02435,0.01885,0.0004,0.9215,0.153723,0.24067,0.0314,0.02845,276,0.92,0.8315,12.366458
20,300,0,385.44,0.0016,0.9255,0.136074,0.24385,0.01515,0.0099,0.0001,0.9251,0.116362,0.211074,0.0263,0.0198,0.0027,0.923,0.116236,0.223119,0.0153,0.01015,0.0002,0.9353,0.117479,0.219111,0.0173,0.01225,0.0028,0.9256,0.136219,0.244226,0.0255,0.0191,0.0013,0.9227,0.113413,0.21279,0.01675,0.01145,0.0041,0.9258,0.124926,0.21987,0.0264,0.0203,0.0015,0.9205,0.139292,0.236194,0.01355,0.00955,278,0.9267,0.8315,12.126408
21,300,0,405.45,0.0025,0.9256,0.109435,0.210604,0.015,0.00945,0.0001,0.9284,0.130123,0.233202,0.02225,0.0161,0.0023,0.9252,0.133435,0.228621,0.02645,0.0209,0.0002,0.927,0.118862,0.22251,0.01855,0.01275,0.0015,0.9225,0.117284,0.200681,0.0271,0.02125,0.002,0.93,0.121228,0.225859,0.01695,0.01135,0.0041,0.9258,0.140174,0.238986,0.0203,0.0147,0.0015,0.9192,0.12946,0.229892,0.01435,0.0092,285,0.95,0.8315,12.103493
22,300,0,395.68,0.0025,0.9213,0.097082,0.173344,0.01505,0.00985,0.0001,0.9271,0.122883,0.210933,0.018,0.0123,0.0026,0.9266,0.117967,0.226853,0.0133,0.00745,0.0002,0.9245,0.120565,0.21824,0.0202,0.0138,0.0033,0.9235,0.113194,0.200332,0.0162,0.0109,0.002,0.9269,0.137129,0.235298,0.02575,0.01975,0.0036,0.9274,0.121182,0.189124,0.0289,0.0228,0.0015,0.9208,0.169997,0.25107,0.0338,0.0288,284,0.9467,0.8315,12.503818
23,300,0,409.89,0.0013,0.9288,0.127286,0.208737,0.02615,0.02035,0.0001,0.9241,0.135454,0.211705,0.03245,0.02735,0.0028,0.9245,0.092666,0.192216,0.01435,0.00845,0.0002,0.9392,0.114344,0.201622,0.0215,0.0153,0.0016,0.9282,0.099395,0.193328,0.01725,0.01145,0.002,0.9215,0.115978,0.20589,0.01815,0.01225,0.0031,0.9293,0.125538,0.198926,0.0302,0.0243,0.0015,0.9247,0.189338,0.262746,0.11245,0.10505,289,0.9633,0.8315,12.407262
24,300,0,395.57,0.0021,0.9288,0.141978,0.248833,0.01495,0.00925,0.0001,0.9261,0.099124,0.18073,0.01715,0.01175,0.0033,0.9337,0.094135,0.194693,0.01235,0.00605,0.0002,0.941,0.119137,0.216313,0.01915,0.01335,0.0012,0.9282,0.131666,0.238147,0.01875,0.01255,0.0011,0.9238,0.118252,0.210352,0.018,0.0126,0.0035,0.9293,0.120477,0.209858,0.022,0.0158,0.0015,0.9364,0.175231,0.275141,0.0225,0.0177,282,0.94,0.8315,12.26879
25,300,0,392.74,0.0037,0.9255,0.119914,0.22101,0.0133,0.0075,0.0001,0.9279,0.116548,0.21633,0.01645,0.01095,0.0033,0.9394,0.120442,0.231334,0.01315,0.00715,0.0002,0.941,0.116868,0.219396,0.01745,0.0112,0.0046,0.9342,0.122567,0.21412,0.02205,0.01585,0.002,0.9416,0.134555,0.238537,0.01485,0.00975,0.0037,0.9418,0.117133,0.206674,0.02425,0.01805,0.0015,0.9335,0.151973,0.253183,0.016,0.01085,269,0.8967,0.8315,12.350134
26,300,0,396.95,0.0031,0.9287,0.103797,0.192173,0.01245,0.00665,0.0001,0.944,0.113427,0.211673,0.01425,0.0089,0.0024,0.9402,0.120918,0.234156,0.0121,0.0065,0.0002,0.9429,0.141436,0.243064,0.0272,0.02125,0.0019,0.9282,0.120551,0.225272,0.0146,0.0086,0.002,0.9416,0.126007,0.231415,0.0145,0.0094,0.0044,0.9416,0.168137,0.263918,0.0277,0.022,0.0013,0.9379,0.105727,0.195094,0.01245,0.00695,274,0.9133,0.8315,11.58633
27,300,0,408.81,0.0001,0.9381,0.109373,0.185692,0.01625,0.01075,0.0001,0.9454,0.124021,0.203846,0.0289,0.0235,0.002,0.9467,0.133957,0.231591,0.01885,0.0132,0.0002,0.941,0.104802,0.169393,0.01525,0.00995,0.0,0.9339,0.119291,0.215194,0.01715,0.01185,0.002,0.9424,0.098454,0.170178,0.01355,0.00805,0.0036,0.9438,0.153615,0.248993,0.041,0.0353,0.0015,0.9379,0.156488,0.245553,0.0456,0.0402,284,0.9467,0.8315,12.111585
28,300,0,411.52,0.0023,0.9399,0.093174,0.184768,0.0118,0.00605,0.0001,0.9398,0.11308,0.208192,0.01415,0.0087,0.0019,0.9464,0.112733,0.212566,0.0135,0.00755,0.0002,0.941,0.097302,0.148693,0.01535,0.0094,0.0022,0.9408,0.135129,0.227655,0.0242,0.0186,0.002,0.9437,0.131679,0.227175,0.01695,0.01185,0.0035,0.9458,0.147398,0.239424,0.0206,0.0151,0.0015,0.9385,0.169505,0.25773,0.0368,0.0319,282,0.94,0.8315,12.081668
29,300,0,397.1,0.0025,0.9404,0.112459,0.210099,0.0121,0.0065,0.0001,0.9363,0.085705,0.167646,0.0125,0.0062,0.0032,0.945,0.123967,0.22516,0.01415,0.00825,0.0002,0.9429,0.151483,0.246472,0.0184,0.0129,0.0023,0.9378,0.115838,0.21278,0.01415,0.00855,0.002,0.9433,0.125579,0.237009,0.0129,0.0078,0.0044,0.945,0.13597,0.244383,0.01605,0.01025,0.0015,0.934,0.148998,0.254022,0.0148,0.0093,280,0.9333,0.8315,12.02903
30,300,0,408.9,0.0024,0.9435,0.113123,0.208024,0.0124,0.0065,0.0001,0.9447,0.090997,0.171473,0.0124,0.006,0.0026,0.945,0.131431,0.23361,0.0141,0.00795,0.0002,0.9437,0.12072,0.220287,0.0132,0.0071,0.0024,0.9449,0.130743,0.222101,0.0152,0.0093,0.002,0.9433,0.119899,0.225495,0.0125,0.0069,0.0021,0.9427,0.136799,0.234239,0.01505,0.00945,0.0015,0.9415,0.156287,0.267854,0.01525,0.0099,289,0.9633,0.8315,12.146001
31,300,0,412.38,0.003,0.9459,0.114025,0.21501,0.0129,0.00715,0.0001,0.9446,0.114113,0.21258,0.01365,0.00765,0.0034,0.945,0.123216,0.229621,0.01395,0.00795,0.0002,0.9456,0.125242,0.227426,0.01465,0.0089,0.0035,0.9402,0.10152,0.189735,0.0133,0.00765,0.002,0.9429,0.110924,0.199532,0.01395,0.0085,0.002,0.9444,0.14954,0.258689,0.01745,0.01205,0.0015,0.9402,0.161419,0.262286,0.0174,0.0123,286,0.9533,0.8315,11.997527
32,300,0,392.09,0.0021,0.9469,0.134107,0.223996,0.0149,0.00985,0.0001,0.9446,0.112073,0.194697,0.0145,0.00865,0.0009,0.945,0.122817,0.222389,0.0127,0.0069,0.0002,0.9459,0.118273,0.213218,0.01325,0.00775,0.0028,0.9417,0.125049,0.224117,0.01505,0.00985,0.002,0.9442,0.133281,0.243858,0.01485,0.00955,0.0032,0.9427,0.114164,0.177062,0.0141,0.0089,0.0015,0.9436,0.140237,0.235605,0.01575,0.01055,283,0.9433,0.8315,12.50477
33,300,0,424.43,0.0026,0.9454,0.116778,0.194417,0.0164,0.0112,0.0001,0.9457,0.11416,0.188782,0.01585,0.0105,0.0024,0.9443,0.106786,0.200695,0.0136,0.0077,0.0002,0.9459,0.153509,0.263597,0.0149,0.00985,0.0025,0.9445,0.117894,0.220522,0.01315,0.00755,0.002,0.9441,0.106158,0.198468,0.01455,0.0088,0.0019,0.9431,0.118383,0.200069,0.0158,0.0106,0.0015,0.9407,0.166332,0.265141,0.02905,0.02545,296,0.9867,0.8315,12.43855
34,300,0,397.82,0.0032,0.9454,0.104039,0.2076,0.0122,0.0058,0.0001,0.9432,0.117352,0.223444,0.01185,0.00575,0.0045,0.9453,0.152583,0.263943,0.0144,0.0083,0.0002,0.9459,0.139445,0.243485,0.01405,0.00795,0.0032,0.9412,0.09546,0.195399,0.01115,0.0052,0.002,0.9441,0.108754,0.215385,0.0113,0.00555,0.0035,0.9408,0.137565,0.24673,0.0137,0.00815,0.0015,0.9399,0.144802,0.256976,0.0129,0.0072,285,0.95,0.8315,12.105435
35,300,0,417.05,0.004,0.9454,0.123666,0.2191,0.0134,0.0074,0.0001,0.9476,0.115808,0.221634,0.0135,0.0078,0.0037,0.9453,0.121452,0.230806,0.0144,0.00855,0.0002,0.9438,0.133327,0.23913,0.0146,0.00865,0.0036,0.9417,0.104251,0.203027,0.0122,0.0066,0.002,0.9424,0.104352,0.198375,0.0124,0.00675,0.0041,0.9414,0.132816,0.229713,0.0159,0.0107,0.0015,0.9473,0.164327,0.267368,0.0212,0.01715,293,0.9767,0.8315,12.240384
36,300,0,428.21,0.0038,0.9491,0.106285,0.196029,0.0131,0.007,0.0001,0.9476,0.122176,0.217318,0.01315,0.0075,0.0027,0.9453,0.11554,0.218966,0.0128,0.0066,0.0002,0.9455,0.129756,0.226478,0.01345,0.0075,0.0004,0.9442,0.122784,0.226999,0.01265,0.0071,0.002,0.9425,0.1275,0.232685,0.01355,0.00785,0.001,0.9443,0.123845,0.212214,0.01515,0.00955,0.0015,0.9415,0.152113,0.250721,0.01635,0.01165,296,0.9867,0.8315,12.350755
37,300,0,403.76,0.0025,0.9454,0.130134,0.23362,0.01355,0.00805,0.0001,0.945,0.087733,0.164239,0.0129,0.0071,0.0045,0.9453,0.121119,0.236795,0.0131,0.0066,0.0002,0.9458,0.144167,0.260935,0.0137,0.00775,0.0027,0.9432,0.129903,0.240468,0.01315,0.0074,0.002,0.9431,0.11002,0.211835,0.01265,0.007,0.0035,0.944,0.129333,0.229607,0.01485,0.00935,0.0015,0.942,0.147591,0.260941,0.01385,0.00845,286,0.9533,0.8315,12.1796
38,300,0,430.54,0.002,0.9444,0.096688,0.192025,0.01255,0.00625,0.0001,0.9442,0.122039,0.228477,0.01325,0.00725,0.0021,0.9434,0.109325,0.213372,0.0131,0.0073,0.0002,0.9455,0.148691,0.264913,0.01405,0.0081,0.0021,0.9428,0.117176,0.218945,0.0131,0.00765,0.002,0.9441,0.099796,0.198149,0.01275,0.00675,0.0027,0.9423,0.128802,0.235735,0.0143,0.0084,0.0015,0.942,0.177484,0.291726,0.01655,0.01125,291,0.97,0.8315,12.188265
39,300,0,406.86,0.0036,0.9444,0.109956,0.200246,0.01255,0.00655,0.0001,0.9452,0.128955,0.232166,0.01365,0.0081,0.0023,0.9436,0.129393,0.243713,0.0136,0.0079,0.0002,0.9453,0.121231,0.23096,0.01385,0.00755,0.0019,0.9428,0.091885,0.176765,0.0115,0.0061,0.0019,0.9416,0.099149,0.193741,0.01245,0.00615,0.0018,0.9457,0.132429,0.224986,0.0155,0.01025,0.0015,0.9429,0.187003,0.291743,0.0178,0.0135,284,0.9467,0.8315,12.032171
40,300,0,423.72,0.0023,0.9495,0.109148,0.193995,0.0123,0.00725,0.0001,0.941,0.091186,0.14839,0.0137,0.0081,0.0019,0.9443,0.112694,0.213733,0.01295,0.007,0.0002,0.9453,0.127516,0.227644,0.01415,0.00845,0.0031,0.9455,0.121152,0.215544,0.0148,0.0088,0.0012,0.9455,0.123296,0.218828,0.0141,0.0086,0.0025,0.9457,0.133141,0.230215,0.0161,0.0109,0.0015,0.943,0.181867,0.276423,0.05695,0.05175,296,0.9867,0.8315,12.189393
41,300,0,395.73,0.0027,0.9495,0.121748,0.213045,0.01325,0.00815,0.0001,0.9443,0.094871,0.173502,0.0128,0.007,0.0028,0.9436,0.137202,0.251501,0.0145,0.0082,0.0002,0.944,0.139092,0.245734,0.0156,0.0104,0.0026,0.945,0.109509,0.21513,0.01315,0.00715,0.002,0.9465,0.109316,0.215018,0.01375,0.00835,0.0033,0.9457,0.132612,0.22956,0.01515,0.00985,0.0015,0.9366,0.155651,0.270442,0.01505,0.0099,282,0.94,0.8315,12.206455
42,300,0,416.45,0.0033,0.9451,0.116524,0.20499,0.0144,0.0093,0.0001,0.9439,0.113359,0.201589,0.0143,0.0088,0.0031,0.9442,0.128168,0.227128,0.01385,0.00865,0.0002,0.9447,0.10686,0.199567,0.0142,0.0079,0.0028,0.945,0.122176,0.216367,0.0127,0.007,0.0017,0.9465,0.099847,0.19379,0.0136,0.0075,0.0038,0.9459,0.115806,0.198968,0.0167,0.0108,0.0015,0.9387,0.19726,0.297734,0.046,0.04115,295,0.9833,0.8315,12.335527
43,300,0,399.02,0.003,0.9446,0.114492,0.217113,0.01265,0.00695,0.0001,0.948,0.091388,0.182014,0.01275,0.00695,0.0045,0.945,0.127914,0.234395,0.0139,0.0077,0.0002,0.9453,0.137904,0.253538,0.0144,0.0086,0.003,0.9447,0.09705,0.167472,0.0127,0.0072,0.002,0.9465,0.118867,0.209787,0.01325,0.00795,0.004,0.9459,0.132727,0.227954,0.01555,0.00995,0.0015,0.9379,0.179658,0.274162,0.02645,0.02175,281,0.9367,0.8315,12.12174
44,300,0,412.96,0.0016,0.9453,0.121782,0.21359,0.0145,0.009,0.0001,0.9447,0.135053,0.239853,0.0132,0.0077,0.004,0.9435,0.128032,0.239902,0.01315,0.00725,0.0002,0.9447,0.123518,0.223794,0.01465,0.00845,0.0035,0.9445,0.11087,0.209072,0.0128,0.007,0.002,0.9465,0.103068,0.206898,0.01205,0.00645,0.0037,0.9436,0.128529,0.231835,0.0154,0.0096,0.0015,0.9426,0.149148,0.256492,0.01525,0.0099,288,0.96,0.8315,12.179804
45,300,0,419.94,0.0027,0.9443,0.108445,0.197315,0.01265,0.00705,0.0001,0.9447,0.113395,0.208097,0.0124,0.0075,0.004,0.9459,0.123824,0.245213,0.01275,0.0067,0.0002,0.9456,0.101618,0.210999,0.0127,0.0065,0.0023,0.9467,0.119961,0.236642,0.01255,0.0068,0.0017,0.9465,0.112726,0.224977,0.01315,0.0071,0.0036,0.9452,0.133305,0.238341,0.0144,0.0081,0.0015,0.9464,0.186725,0.3034,0.0156,0.011,288,0.96,0.8315,12.035628
46,300,0,399.04,0.0038,0.9466,0.104154,0.197053,0.0125,0.0069,0.0001,0.9476,0.111849,0.209148,0.01375,0.0082,0.002,0.9497,0.146913,0.27295,0.0126,0.007,0.0002,0.9456,0.11506,0.219474,0.01405,0.00795,0.0027,0.9467,0.106509,0.220153,0.0122,0.0065,0.002,0.9467,0.111003,0.219121,0.0141,0.00865,0.0026,0.9479,0.126137,0.22983,0.01475,0.00865,0.0015,0.9464,0.178373,0.280767,0.0204,0.0161,288,0.96,0.8315,12.25653
47,300,0,407.57,0.0021,0.9457,0.116793,0.211288,0.0131,0.0076,0.0001,0.9476,0.109811,0.205269,0.01325,0.0078,0.0035,0.9497,0.160082,0.273813,0.01545,0.01035,0.0002,0.9456,0.114353,0.207979,0.01435,0.00855,0.0035,0.9467,0.117157,0.217859,0.0124,0.00705,0.002,0.9467,0.115759,0.216776,0.01305,0.00775,0.0032,0.9459,0.131028,0.230127,0.0139,0.0084,0.0015,0.9451,0.135018,0.239506,0.0142,0.0089,292,0.9733,0.8315,12.138172
48,300,0,403.69,0.0033,0.9464,0.113074,0.215952,0.01195,0.0063,0.0001,0.9476,0.106015,0.211878,0.011,0.0056,0.0035,0.9465,0.139887,0.257013,0.0137,0.0081,0.0002,0.9456,0.122929,0.23478,0.01465,0.0088,0.0022,0.9447,0.110309,0.215113,0.01205,0.00665,0.0019,0.9473,0.099064,0.198104,0.0122,0.0064,0.0041,0.9442,0.142488,0.245501,0.0153,0.0096,0.0015,0.9451,0.166235,0.277974,0.01585,0.01115,286,0.9533,0.8315,11.926912
49,300,0,410.27,0.0022,0.9462,0.119557,0.235208,0.01295,0.0073,0.0001,0.9476,0.110333,0.204337,0.0121,0.00655,0.0027,0.9481,0.133133,0.248659,0.0123,0.00685,0.0002,0.9466,0.128976,0.237878,0.01355,0.00775,0.0019,0.9445,0.101177,0.210314,0.012,0.0063,0.002,0.9467,0.118741,0.228351,0.0122,0.00665,0.0033,0.9472,0.140451,0.247583,0.0153,0.0099,0.0015,0.9446,0.147632,0.249153,0.0162,0.0112,286,0.9533,0.8315,11.994883
50,300,0,422.23,0.0037,0.9456,0.134578,0.235057,0.01315,0.00765,0.0001,0.9476,0.102376,0.184404,0.01265,0.00675,0.0033,0.9481,0.140249,0.255928,0.0138,0.0075,0.0002,0.946,0.132402,0.245066,0.01455,0.00785,0.0011,0.9462,0.08041,0.149465,0.01205,0.00595,0.002,0.9467,0.094298,0.16987,0.01225,0.00645,0.0022,0.9474,0.148854,0.235683,0.01785,0.0125,0.0015,0.9439,0.166834,0.262614,0.0182,0.0143,295,0.9833,0.8315,12.094346
51,300,0,410.01,0.0041,0.9469,0.125932,0.233604,0.01265,0.00665,0.0001,0.9476,0.127396,0.235632,0.01165,0.00625,0.0029,0.9481,0.156462,0.277925,0.0133,0.008,0.0002,0.9445,0.090753,0.198563,0.01205,0.0051,0.0021,0.9462,0.101476,0.202884,0.0122,0.0062,0.002,0.9467,0.108403,0.223242,0.0126,0.0066,0.0036,0.9467,0.135014,0.229356,0.0156,0.0097,0.0015,0.9452,0.154564,0.264865,0.0148,0.01005,288,0.96,0.8315,12.115186
52,300,0,399.08,0.0011,0.9461,0.110114,0.211534,0.0127,0.00685,0.0001,0.9468,0.129546,0.235266,0.0122,0.00715,0.0021,0.9442,0.127949,0.241585,0.0123,0.0068,0.0002,0.947,0.128243,0.247776,0.0125,0.0059,0.0022,0.9481,0.129229,0.246196,0.0123,0.0069,0.002,0.9467,0.110364,0.228296,0.01135,0.00575,0.0029,0.9427,0.129979,0.236374,0.0134,0.00825,0.0015,0.9444,0.134575,0.239958,0.0125,0.0069,281,0.9367,0.8315,12.028554
53,300,0,407.76,0.0015,0.9466,0.093163,0.178041,0.01145,0.00575,0.0001,0.9441,0.093697,0.180919,0.0113,0.0055,0.0021,0.9474,0.172229,0.29161,0.0151,0.0099,0.0002,0.9464,0.131099,0.251677,0.01385,0.00755,0.0031,0.9459,0.095217,0.198237,0.01165,0.00575,0.002,0.9467,0.122355,0.254165,0.0123,0.0065,0.0029,0.9464,0.117431,0.214191,0.014,0.008,0.0015,0.9466,0.174809,0.286307,0.0153,0.0102,287,0.9567,0.8315,12.305969
54,300,0,404.16,0.0034,0.9438,0.113357,0.215792,0.01215,0.00625,0.0001,0.9441,0.110502,0.219492,0.0117,0.0059,0.0034,0.9474,0.145182,0.266097,0.0133,0.00775,0.0002,0.9471,0.12655,0.245759,0.0128,0.00685,0.0029,0.9467,0.128908,0.232267,0.0124,0.0071,0.002,0.9435,0.099053,0.193282,0.0118,0.0059,0.0036,0.9454,0.126974,0.239381,0.0142,0.00815,0.0015,0.9465,0.149473,0.257247,0.0144,0.0092,283,0.9433,0.8315,12.026559
55,300,0,412.33,0.0024,0.9438,0.122401,0.229213,0.0123,0.0066,0.0001,0.9431,0.098373,0.193936,0.012,0.00555,0.0004,0.9474,0.127697,0.247698,0.0122,0.00625,0.0002,0.9442,0.130741,0.248457,0.0127,0.006,0.003,0.9427,0.115866,0.214733,0.012,0.00615,0.002,0.9456,0.114703,0.224692,0.0122,0.00605,0.0031,0.9406,0.124774,0.219372,0.015,0.0084,0.0015,0.9468,0.165445,0.261454,0.01625,0.01175,287,0.9567,0.8315,12.154826
56,300,0,421.28,0.0025,0.9452,0.114587,0.21586,0.01195,0.00615,0.0001,0.9441,0.106943,0.203317,0.01255,0.0068,0.0037,0.9474,0.098577,0.208749,0.0122,0.0055,0.0002,0.9453,0.143513,0.264669,0.0123,0.0066,0.0023,0.9445,0.119528,0.235404,0.0121,0.00615,0.002,0.9466,0.103062,0.197485,0.0121,0.00605,0.0032,0.945,0.149934,0.243986,0.015,0.01015,0.0015,0.9485,0.163856,0.261071,0.0159,0.0111,293,0.9767,0.8315,11.848799
57,300,0,410.79,0.0025,0.9452,0.127084,0.23581,0.01275,0.00695,0.0001,0.9442,0.121969,0.22261,0.01355,0.00805,0.0026,0.9474,0.103342,0.221729,0.01215,0.00555,0.0002,0.9455,0.136172,0.266563,0.0116,0.0052,0.0024,0.9441,0.097479,0.204461,0.01155,0.00545,0.002,0.9445,0.104229,0.225272,0.01145,0.00535,0.0037,0.9455,0.148965,0.253186,0.01475,0.00905,0.0015,0.9428,0.16076,0.258634,0.0157,0.0109,286,0.9533,0.8315,11.875501
58,300,0,420.9,0.0024,0.9473,0.128255,0.235876,0.0133,0.0076,0.0001,0.9452,0.100077,0.191564,0.0122,0.0067,0.0042,0.9469,0.103502,0.213355,0.01285,0.00605,0.0002,0.9439,0.114158,0.223017,0.0131,0.0071,0.0032,0.9439,0.11506,0.226382,0.0133,0.0072,0.002,0.9474,0.109685,0.217083,0.0128,0.0069,0.0043,0.9409,0.191361,0.30279,0.0178,0.01255,0.0015,0.9469,0.137901,0.242341,0.0146,0.00925,289,0.9633,0.8315,11.373373
59,300,0,393.1,0.0037,0.9486,0.136181,0.239053,0.0134,0.0076,0.0001,0.9423,0.112317,0.220397,0.01265,0.00695,0.0016,0.9458,0.154941,0.277415,0.0135,0.00765,0.0002,0.9457,0.147082,0.267646,0.01385,0.0075,0.0028,0.9472,0.075034,0.150039,0.01115,0.0058,0.0016,0.9474,0.094295,0.189506,0.01125,0.00545,0.004,0.9442,0.149601,0.2571,0.0145,0.0091,0.0015,0.9437,0.13055,0.243693,0.0142,0.0091,277,0.9233,0.8315,11.851466
60,300,0,412.13,0.0027,0.9447,0.123168,0.208514,0.0151,0.00985,0.0001,0.9425,0.119651,0.208648,0.0134,0.0085,0.0025,0.9474,0.111909,0.218065,0.01195,0.00585,0.0002,0.9464,0.13099,0.249581,0.01275,0.00655,0.0013,0.9442,0.115772,0.228546,0.0127,0.00705,0.0016,0.9474,0.111684,0.21744,0.01295,0.00715,0.0021,0.9445,0.151136,0.244343,0.0177,0.01335,0.0015,0.9454,0.13569,0.220524,0.01665,0.01175,291,0.97,0.8315,12.047131
61,300,0,401.21,0.0028,0.9445,0.134251,0.24618,0.0132,0.00745,0.0001,0.9461,0.126834,0.234348,0.0133,0.0077,0.0027,0.9474,0.109284,0.219933,0.01175,0.00575,0.0002,0.945,0.123099,0.240426,0.0117,0.0058,0.0026,0.9449,0.094386,0.195109,0.0117,0.00605,0.0018,0.9452,0.122725,0.230445,0.01205,0.0064,0.0038,0.9445,0.154154,0.256289,0.01595,0.01065,0.0015,0.9444,0.135267,0.24126,0.01455,0.0092,291,0.97,0.8315,11.92798
62,300,0,403.77,0.003,0.948,0.116677,0.214878,0.01255,0.00675,0.0001,0.9469,0.132767,0.24679,0.01265,0.00715,0.0032,0.9474,0.100423,0.205625,0.0118,0.0058,0.0002,0.9452,0.128783,0.236974,0.01215,0.00635,0.0028,0.945,0.1368,0.258298,0.0131,0.0075,0.0019,0.9482,0.123426,0.244358,0.01295,0.00675,0.0025,0.9436,0.128139,0.231367,0.0142,0.0085,0.0015,0.9445,0.132985,0.257464,0.01365,0.0076,289,0.9633,0.8315,12.176061
63,300,0,409.48,0.0032,0.9445,0.149228,0.247563,0.01505,0.00985,0.0001,0.9469,0.116428,0.209554,0.01235,0.00705,0.0041,0.9446,0.103451,0.201314,0.0119,0.0057,0.0002,0.9452,0.097973,0.197819,0.0115,0.0051,0.0032,0.9441,0.111111,0.204107,0.01355,0.0075,0.002,0.9482,0.100951,0.195827,0.01245,0.00685,0.0036,0.9442,0.180929,0.280995,0.02115,0.0165,0.0015,0.9439,0.139929,0.237501,0.0152,0.0105,289,0.9633,0.8315,11.562471
64,300,0,425.46,0.002,0.946,0.1178,0.21241,0.0129,0.0073,0.0001,0.9486,0.122794,0.219864,0.0127,0.0072,0.0026,0.9446,0.110565,0.212376,0.01225,0.0061,0.0002,0.9452,0.136576,0.238335,0.014,0.0079,0.0027,0.9462,0.099825,0.188814,0.01245,0.00695,0.002,0.9441,0.112831,0.205587,0.0123,0.00675,0.0032,0.9438,0.150257,0.250331,0.0167,0.0116,0.0015,0.9481,0.149353,0.243699,0.0148,0.00975,297,0.99,0.8315,11.927276
65,300,0,408.22,0.0031,0.9462,0.128555,0.228139,0.0133,0.0076,0.0001,0.9486,0.10232,0.184015,0.01275,0.00695,0.0029,0.9453,0.132943,0.240372,0.0135,0.00805,0.0002,0.9454,0.127141,0.239203,0.013,0.00705,0.0028,0.9462,0.124924,0.219656,0.0141,0.00875,0.002,0.9453,0.129759,0.243492,0.01295,0.00735,0.0043,0.9455,0.128854,0.226343,0.01465,0.00915,0.0015,0.9481,0.125504,0.220897,0.0154,0.0103,294,0.98,0.8315,12.117413
66,300,0,424.23,0.0021,0.9468,0.110375,0.21176,0.0124,0.0067,0.0001,0.9447,0.135615,0.245418,0.0135,0.0086,0.0035,0.9453,0.098797,0.201174,0.01135,0.0056,0.0002,0.9444,0.10953,0.214722,0.01265,0.0062,0.0028,0.948,0.114982,0.233264,0.01225,0.00645,0.002,0.9457,0.104605,0.218451,0.01275,0.00675,0.0024,0.9455,0.165096,0.26972,0.01565,0.0104,0.0015,0.9481,0.161001,0.274209,0.01485,0.0097,298,0.9933,0.8315,11.762971
67,300,0,405.73,0.0031,0.9434,0.104882,0.196954,0.0133,0.0073,0.0001,0.9447,0.117718,0.221497,0.0121,0.0069,0.0035,0.9482,0.152499,0.270725,0.0154,0.0095,0.0002,0.9461,0.123177,0.229016,0.01515,0.00915,0.0027,0.9442,0.11133,0.211564,0.01265,0.00715,0.002,0.9458,0.102553,0.195977,0.0129,0.0072,0.0039,0.9454,0.154552,0.265829,0.01655,0.01115,0.0015,0.9444,0.133289,0.240061,0.01585,0.0105,287,0.9567,0.8315,11.966581
68,300,0,409.26,0.0028,0.9484,0.148531,0.260851,0.01295,0.00745,0.0001,0.9444,0.095769,0.181876,0.0121,0.0063,0.0027,0.9463,0.116943,0.232936,0.0121,0.006,0.0002,0.9468,0.116063,0.229011,0.0128,0.0063,0.0029,0.9463,0.076505,0.156739,0.0117,0.00515,0.002,0.9452,0.111169,0.222592,0.0119,0.0062,0.0035,0.9452,0.174525,0.281814,0.0192,0.0145,0.0015,0.9444,0.160496,0.270948,0.0153,0.0099,290,0.9667,0.8315,11.718675
69,300,0,425.4,0.004,0.9462,0.12935,0.206309,0.02085,0.01555,0.0001,0.9444,0.139388,0.234804,0.0175,0.0126,0.0018,0.9479,0.124631,0.23102,0.01425,0.00915,0.0002,0.9471,0.119328,0.214892,0.0155,0.0099,0.003,0.9494,0.098208,0.184809,0.01315,0.00775,0.002,0.9452,0.109612,0.206074,0.01365,0.00825,0.0033,0.9453,0.149255,0.247391,0.0215,0.0169,0.0015,0.9472,0.130228,0.223179,0.0166,0.0116,295,0.9833,0.8315,12.050345
70,300,0,393.1,0.0026,0.9456,0.13329,0.244621,0.0142,0.0084,0.0001,0.9388,0.108365,0.205672,0.01285,0.00725,0.0028,0.9456,0.11971,0.230638,0.01235,0.00665,0.0002,0.946,0.155413,0.279312,0.01275,0.00705,0.0026,0.9463,0.09448,0.195358,0.01115,0.00545,0.0019,0.9452,0.122014,0.242184,0.01215,0.0065,0.004,0.9447,0.123052,0.215627,0.014,0.00825,0.0015,0.9441,0.143677,0.257391,0.01395,0.00895,280,0.9333,0.8315,12.138015
71,300,0,417.29,0.0034,0.9456,0.112585,0.214427,0.0124,0.00675,0.0001,0.9371,0.082609,0.161857,0.0117,0.0058,0.0018,0.9457,0.128619,0.238592,0.0137,0.0083,0.0002,0.9436,0.136862,0.24551,0.0142,0.00855,0.0025,0.9468,0.113714,0.222916,0.01275,0.00705,0.002,0.9448,0.107601,0.207471,0.0122,0.0064,0.0037,0.9447,0.166042,0.2783,0.01755,0.01215,0.0015,0.9447,0.151968,0.262269,0.0155,0.01035,294,0.98,0.8315,11.760824
72,300,0,389.29,0.0031,0.9456,0.126264,0.226002,0.013,0.0076,0.0001,0.9397,0.119125,0.216815,0.01275,0.00725,0.0022,0.9474,0.123162,0.234753,0.0124,0.0066,0.0002,0.9484,0.134199,0.261393,0.01205,0.0062,0.0024,0.9456,0.101808,0.212734,0.0113,0.00545,0.002,0.945,0.098856,0.208888,0.0114,0.0055,0.002,0.947,0.159227,0.275754,0.0156,0.01045,0.0015,0.9454,0.13736,0.240088,0.01475,0.00945,278,0.9267,0.8315,11.87504
73,300,0,428.45,0.0028,0.9456,0.097109,0.165545,0.0127,0.00715,0.0001,0.9418,0.122787,0.221692,0.0134,0.00815,0.0026,0.9463,0.126881,0.24021,0.0136,0.008,0.0002,0.943,0.133853,0.231221,0.01465,0.00905,0.0025,0.9468,0.102076,0.202911,0.0123,0.0064,0.002,0.9448,0.099959,0.19576,0.01275,0.00705,0.0045,0.9456,0.147148,0.233218,0.0186,0.0134,0.0015,0.9463,0.170187,0.276732,0.02205,0.0169,297,0.99,0.8315,12.311252
74,300,0,414.87,0.0039,0.9456,0.121193,0.227519,0.012,0.0063,0.0001,0.9427,0.10545,0.205118,0.01215,0.00625,0.0043,0.9448,0.122739,0.235727,0.01225,0.00655,0.0002,0.9466,0.143204,0.26129,0.01335,0.0073,0.0034,0.9453,0.109076,0.228094,0.01205,0.00555,0.002,0.9455,0.128046,0.249009,0.01155,0.00585,0.0036,0.9456,0.158878,0.278025,0.01495,0.00945,0.0015,0.9429,0.111415,0.215291,0.01395,0.00825,289,0.9633,0.8315,11.834589
75,300,0,408.48,0.0029,0.9463,0.125942,0.22497,0.0136,0.00845,0.0001,0.9421,0.119293,0.228155,0.0127,0.0074,0.0032,0.9463,0.126259,0.231898,0.01315,0.00745,0.0002,0.9466,0.135203,0.232218,0.01435,0.00915,0.0027,0.946,0.107137,0.224372,0.013,0.007,0.002,0.9455,0.124242,0.236948,0.0131,0.00785,0.0035,0.945,0.141698,0.246895,0.01645,0.01075,0.0015,0.9459,0.120225,0.219694,0.01455,0.00925,292,0.9733,0.8315,12.281702
76,300,0,419.0,0.0037,0.948,0.128684,0.233009,0.01365,0.00805,0.0001,0.9458,0.128511,0.235885,0.01325,0.00825,0.0027,0.947,0.090693,0.171151,0.0121,0.0063,0.0002,0.9466,0.14266,0.261411,0.01295,0.0077,0.0022,0.946,0.113894,0.226676,0.01285,0.00695,0.002,0.9455,0.090689,0.188575,0.0114,0.00575,0.0036,0.9484,0.159836,0.269597,0.016,0.01105,0.0015,0.9449,0.145033,0.243372,0.0173,0.01275,288,0.96,0.8315,11.962097
77,300,0,420.71,0.0029,0.9462,0.116814,0.201595,0.01305,0.00745,0.0001,0.947,0.105478,0.185724,0.01235,0.0069,0.0034,0.9477,0.16416,0.268396,0.0175,0.0125,0.0002,0.9483,0.111703,0.206186,0.01365,0.00785,0.0026,0.946,0.110569,0.213088,0.01315,0.00755,0.002,0.9455,0.105117,0.216506,0.012,0.0062,0.0035,0.9484,0.152066,0.247026,0.01735,0.01245,0.0015,0.9449,0.134094,0.232596,0.01575,0.0106,291,0.97,0.8315,12.128668
78,300,0,420.31,0.004,0.9462,0.125803,0.2386,0.013,0.0073,0.0001,0.9458,0.107522,0.200326,0.01265,0.00695,0.0032,0.9467,0.140572,0.248843,0.01415,0.00895,0.0002,0.9465,0.115614,0.205943,0.0148,0.0093,0.0037,0.9418,0.10714,0.209283,0.0133,0.0072,0.002,0.9455,0.13005,0.243773,0.01295,0.00745,0.0033,0.9484,0.145184,0.242332,0.0166,0.0113,0.0015,0.948,0.128115,0.229219,0.01445,0.00915,292,0.9733,0.8315,12.172149
79,300,0,404.84,0.003,0.9482,0.11141,0.216772,0.0122,0.00635,0.0001,0.948,0.118046,0.216879,0.0124,0.00705,0.0024,0.9467,0.118093,0.228701,0.0126,0.0068,0.0002,0.9465,0.13883,0.249895,0.0129,0.0072,0.0029,0.9443,0.124676,0.246983,0.0125,0.0068,0.002,0.9455,0.126819,0.250125,0.01235,0.00625,0.0026,0.9489,0.127108,0.224039,0.01465,0.00915,0.0015,0.948,0.135019,0.245733,0.01375,0.00835,288,0.96,0.8315,12.353092
80,300,0,412.31,0.004,0.9478,0.133847,0.245403,0.0134,0.0081,0.0001,0.948,0.089521,0.186169,0.0118,0.00595,0.0026,0.9453,0.125937,0.232869,0.01345,0.0081,0.0002,0.9465,0.143556,0.244823,0.0146,0.00915,0.0028,0.9429,0.105335,0.206512,0.0135,0.0078,0.002,0.946,0.133569,0.258368,0.0128,0.0075,0.0033,0.9464,0.136849,0.253135,0.0153,0.0097,0.0015,0.948,0.131385,0.245519,0.014,0.0084,291,0.97,0.8315,12.123818
81,300,0,414.53,0.0032,0.9465,0.124994,0.219894,0.0142,0.0088,0.0001,0.948,0.117863,0.209106,0.01215,0.00665,0.0024,0.945,0.133565,0.241141,0.013,0.0071,0.0002,0.9465,0.13782,0.248434,0.01405,0.00865,0.0023,0.9444,0.110296,0.198511,0.01325,0.00765,0.002,0.9458,0.130033,0.250643,0.01225,0.007,0.0033,0.946,0.137566,0.236479,0.01425,0.0092,0.0015,0.945,0.107863,0.199512,0.01345,0.0082,293,0.9767,0.8315,12.206168
82,300,0,412.22,0.0032,0.945,0.111484,0.207946,0.01275,0.00725,0.0001,0.9445,0.107164,0.19869,0.01155,0.00585,0.0025,0.9442,0.141108,0.244917,0.013,0.00775,0.0002,0.9465,0.148061,0.251659,0.014,0.0087,0.0025,0.9459,0.121593,0.231231,0.01185,0.00605,0.002,0.9463,0.101197,0.210589,0.0115,0.0057,0.0032,0.9439,0.114335,0.202468,0.01545,0.00965,0.0015,0.945,0.155058,0.268794,0.01415,0.00925,293,0.9767,0.8315,12.409331
83,300,0,412.91,0.0032,0.9478,0.115722,0.208632,0.01305,0.00715,0.0001,0.9471,0.118048,0.232032,0.0131,0.0074,0.0028,0.9445,0.120723,0.225538,0.01255,0.00675,0.0002,0.9465,0.136348,0.250654,0.01345,0.00805,0.0021,0.9459,0.112241,0.226732,0.01255,0.0068,0.002,0.9463,0.102448,0.205212,0.01175,0.00595,0.0033,0.9469,0.160279,0.270846,0.01565,0.0104,0.0015,0.945,0.13419,0.241292,0.01485,0.0088,294,0.98,0.8315,11.817388
84,300,0,414.24,0.0021,0.9459,0.135632,0.245251,0.01335,0.0079,0.0001,0.9468,0.107153,0.210934,0.0132,0.0072,0.0035,0.9462,0.126745,0.223025,0.0148,0.00915,0.0002,0.9447,0.114814,0.219826,0.01275,0.00655,0.0026,0.9459,0.107865,0.199545,0.013,0.00735,0.0018,0.9463,0.118341,0.235528,0.01205,0.0066,0.0031,0.9456,0.14851,0.254433,0.01565,0.0102,0.0015,0.9469,0.140939,0.251533,0.01465,0.00925,291,0.97,0.8315,12.21749
85,300,0,433.34,0.0033,0.9449,0.120673,0.221826,0.0145,0.009,0.0001,0.9465,0.12281,0.225492,0.01375,0.00815,0.0021,0.947,0.122209,0.220088,0.0137,0.00775,0.0002,0.9454,0.148347,0.258179,0.01325,0.00795,0.0022,0.9432,0.103796,0.220287,0.01145,0.00575,0.0015,0.945,0.109908,0.221199,0.01205,0.00655,0.0034,0.9465,0.139234,0.244359,0.0146,0.00965,0.0014,0.9463,0.133023,0.231434,0.01525,0.00985,297,0.99,0.8315,12.154233
86,300,0,412.91,0.004,0.9449,0.128398,0.237739,0.013,0.0074,0.0001,0.9455,0.114405,0.223314,0.01335,0.00715,0.0036,0.9493,0.116027,0.222899,0.0123,0.0064,0.0002,0.9454,0.136588,0.253472,0.01195,0.00595,0.003,0.9444,0.116612,0.235784,0.01225,0.00615,0.002,0.9475,0.144538,0.262599,0.01295,0.00745,0.0035,0.9448,0.142127,0.256063,0.01345,0.0081,0.0015,0.9436,0.101307,0.198481,0.01335,0.0074,289,0.9633,0.8315,12.032807
87,300,0,437.44,0.0041,0.9506,0.129438,0.223906,0.01575,0.01025,0.0001,0.9433,0.102758,0.187999,0.01465,0.0085,0.0026,0.9434,0.114103,0.204476,0.0149,0.0094,0.0002,0.9468,0.153687,0.259658,0.0161,0.01075,0.0022,0.9426,0.105766,0.199233,0.0139,0.0082,0.002,0.9458,0.115661,0.224744,0.01235,0.00665,0.0039,0.9443,0.140758,0.228985,0.01855,0.01375,0.0015,0.9462,0.137829,0.234746,0.01845,0.01305,297,0.99,0.8315,12.433375
88,300,0,422.6,0.0027,0.9465,0.125391,0.241162,0.01305,0.00725,0.0001,0.9449,0.110384,0.214748,0.01245,0.00695,0.0027,0.9472,0.135746,0.250725,0.0131,0.0078,0.0002,0.9476,0.103277,0.204634,0.0128,0.00695,0.003,0.9466,0.119901,0.237674,0.0128,0.00715,0.002,0.945,0.130023,0.250726,0.0122,0.0067,0.0034,0.9441,0.133558,0.245039,0.01395,0.00845,0.0015,0.947,0.14172,0.250732,0.0153,0.01005,292,0.9733,0.8315,12.234775
89,300,0,425.93,0.0039,0.9462,0.121805,0.225001,0.0134,0.0078,0.0001,0.9455,0.109445,0.209233,0.0126,0.0066,0.004,0.9472,0.117573,0.2264,0.0139,0.0077,0.0002,0.9476,0.159791,0.273484,0.0152,0.0099,0.0037,0.9426,0.107627,0.214166,0.01285,0.0072,0.002,0.945,0.120897,0.229513,0.0122,0.0068,0.0035,0.9456,0.133772,0.231628,0.01545,0.0104,0.0015,0.947,0.12909,0.222866,0.01415,0.00875,294,0.98,0.8315,12.403161
90,300,0,414.36,0.0038,0.9452,0.115776,0.195409,0.0157,0.01035,0.0001,0.9466,0.131035,0.234641,0.01545,0.01005,0.0022,0.9492,0.118702,0.207074,0.0145,0.00915,0.0002,0.9468,0.139552,0.242717,0.01555,0.0101,0.0034,0.941,0.100662,0.208702,0.0132,0.0076,0.002,0.9457,0.127701,0.242464,0.0124,0.0069,0.0025,0.9456,0.115579,0.204133,0.0166,0.0112,0.0015,0.947,0.150994,0.249474,0.01815,0.0127,290,0.9667,0.8315,12.764555
91,300,0,421.2,0.0035,0.9461,0.108451,0.204503,0.0142,0.0083,0.0001,0.9467,0.134886,0.240437,0.0142,0.0082,0.0034,0.9492,0.106083,0.198077,0.0134,0.0075,0.0002,0.9486,0.165466,0.278689,0.0157,0.0101,0.0031,0.9389,0.100879,0.199935,0.01285,0.00715,0.002,0.945,0.118073,0.228471,0.01255,0.00675,0.004,0.9458,0.129964,0.248337,0.0138,0.00845,0.0015,0.947,0.136199,0.247987,0.01465,0.0089,293,0.9767,0.8315,12.280569
92,300,0,414.11,0.0035,0.9468,0.11041,0.19799,0.0117,0.00605,0.0001,0.9467,0.108538,0.209103,0.01285,0.007,0.0037,0.9492,0.096625,0.200968,0.01215,0.00585,0.0002,0.9486,0.124011,0.232139,0.01355,0.00805,0.0029,0.9446,0.141404,0.259249,0.01405,0.0083,0.002,0.9455,0.121465,0.235829,0.01245,0.00665,0.0038,0.9461,0.152956,0.267299,0.01625,0.01065,0.0015,0.947,0.144592,0.25957,0.01405,0.00855,289,0.9633,0.8315,11.987378
93,300,0,406.68,0.0035,0.9468,0.124331,0.23303,0.01245,0.00645,0.0001,0.9467,0.110411,0.214397,0.01255,0.00665,0.0026,0.9492,0.133778,0.258992,0.01295,0.00715,0.0002,0.9486,0.116205,0.221693,0.0128,0.00665,0.0027,0.9446,0.110467,0.22351,0.0123,0.0065,0.002,0.9455,0.13119,0.258684,0.01315,0.00745,0.0039,0.946,0.119394,0.223219,0.01395,0.00785,0.0015,0.947,0.154224,0.263187,0.0155,0.0105,285,0.95,0.8315,12.285272
94,300,0,416.08,0.0017,0.9459,0.125575,0.22942,0.0142,0.0084,0.0001,0.9468,0.132937,0.240544,0.0141,0.0081,0.0028,0.9463,0.134355,0.235768,0.0132,0.0079,0.0002,0.9486,0.142118,0.2501,0.0158,0.01,0.0014,0.9427,0.084009,0.170858,0.0122,0.0063,0.002,0.9455,0.11506,0.221423,0.01185,0.0067,0.0039,0.9471,0.133178,0.239671,0.0158,0.0106,0.0015,0.947,0.132766,0.239999,0.01435,0.00835,286,0.9533,0.8315,12.256089
95,300,0,415.73,0.0033,0.946,0.10716,0.197153,0.01215,0.00635,0.0001,0.9471,0.10366,0.192584,0.0118,0.006,0.0022,0.9463,0.112438,0.208507,0.0138,0.0082,0.0002,0.9486,0.136173,0.248775,0.0132,0.0079,0.0025,0.9451,0.101303,0.217844,0.01225,0.00615,0.002,0.9455,0.113536,0.226214,0.0127,0.0068,0.0036,0.9452,0.148245,0.253132,0.0156,0.0103,0.0015,0.947,0.177485,0.286191,0.01675,0.01185,288,0.96,0.8315,12.084155
96,300,0,411.06,0.0033,0.9473,0.110775,0.196865,0.01485,0.00935,0.0001,0.9485,0.131905,0.239643,0.0145,0.0091,0.0033,0.9463,0.121068,0.239868,0.01315,0.00755,0.0002,0.9454,0.122564,0.23685,0.0135,0.0076,0.0031,0.9444,0.10477,0.215211,0.01315,0.00745,0.0018,0.9455,0.130026,0.250569,0.0129,0.0075,0.003,0.9438,0.139734,0.247064,0.01535,0.01005,0.0015,0.947,0.139158,0.244921,0.01635,0.011,286,0.9533,0.8315,12.180933
97,300,0,420.69,0.0025,0.9451,0.108123,0.198341,0.01225,0.0065,0.0001,0.9451,0.106704,0.203984,0.01205,0.0063,0.0022,0.9463,0.125195,0.235576,0.01355,0.00755,0.0002,0.9457,0.116744,0.226191,0.01375,0.00805,0.0039,0.9484,0.116661,0.231159,0.01345,0.0072,0.002,0.9455,0.13441,0.251628,0.0135,0.0083,0.0033,0.944,0.163931,0.274058,0.0154,0.0101,0.0015,0.947,0.128232,0.232114,0.01445,0.00875,290,0.9667,0.8315,11.924135
98,300,0,416.03,0.0027,0.9475,0.112942,0.222782,0.01185,0.00615,0.0001,0.9452,0.114154,0.229527,0.01225,0.00655,0.0025,0.9465,0.111679,0.217727,0.01225,0.0061,0.0002,0.9465,0.140566,0.258624,0.0123,0.0065,0.0021,0.9465,0.100398,0.216898,0.0125,0.00635,0.002,0.9455,0.109491,0.231251,0.01095,0.00515,0.0037,0.9461,0.180494,0.293565,0.01685,0.01165,0.0015,0.947,0.130275,0.235521,0.0151,0.0094,288,0.96,0.8315,11.646306
99,300,0,423.77,0.0041,0.945,0.124785,0.222897,0.01245,0.00705,0.0001,0.9458,0.106868,0.199962,0.0128,0.0073,0.0023,0.9467,0.116964,0.235463,0.0129,0.0073,0.0002,0.9495,0.163095,0.289143,0.0127,0.00715,0.0028,0.9465,0.106917,0.231278,0.0112,0.0056,0.002,0.9473,0.102542,0.20634,0.0112,0.0054,0.0035,0.9437,0.13221,0.241558,0.0141,0.0085,0.0015,0.9455,0.146617,0.249071,0.0156,0.0104,293,0.9767,0.8315,12.06319
